{
    "O3_target": {
        "RMSE": 18.101528231585647,
        "R2": 0.728950517635286,
        "RIA": 0.7426726395837924,
        "MAE": 13.0204897809599,
        "Bias": 1.275085020270476
    },
    "NO2_target": {
        "RMSE": 16.25955588018996,
        "R2": 0.593882295440439,
        "RIA": 0.660543079236614,
        "MAE": 11.617721237089288,
        "Bias": -0.8404531696750737
    }
}