{
    "O3_target": {
        "RMSE": 15.978028423809183,
        "R2": 0.7051469539751141,
        "RIA": 0.7443797037835116,
        "MAE": 10.616234720924709,
        "Bias": 0.3242418736019657
    },
    "NO2_target": {
        "RMSE": 15.476498482988568,
        "R2": 0.5937344230636341,
        "RIA": 0.6755605234387171,
        "MAE": 10.664860312068374,
        "Bias": -0.15461063026876964
    }
}