{
    "O3_target": {
        "RMSE": 20.211968015183455,
        "R2": 0.6715636003645158,
        "RIA": 0.7288050811502953,
        "MAE": 14.066822542601198,
        "Bias": 0.9891537411228012
    },
    "NO2_target": {
        "RMSE": 16.878994542756782,
        "R2": 0.5107524287537983,
        "RIA": 0.6523012710706794,
        "MAE": 11.510775651870013,
        "Bias": -0.37807596657650855
    }
}