{
    "O3_target": {
        "RMSE": 15.82751924160251,
        "R2": 0.7060926282168125,
        "RIA": 0.7501936128282992,
        "MAE": 9.799646461137547,
        "Bias": 0.9844101795098841
    },
    "NO2_target": {
        "RMSE": 18.55589720681721,
        "R2": 0.6265638553114785,
        "RIA": 0.7147942817860424,
        "MAE": 11.268366705599608,
        "Bias": -0.5504797144580199
    }
}