{
    "O3_target": {
        "RMSE": 16.977895322985045,
        "R2": 0.7043150090541326,
        "RIA": 0.7405671319885054,
        "MAE": 11.778598756167971,
        "Bias": 0.408868543725466
    },
    "NO2_target": {
        "RMSE": 20.675750163759574,
        "R2": 0.6241288654967379,
        "RIA": 0.7021742320223212,
        "MAE": 14.947503581430084,
        "Bias": 1.7248496903493062
    }
}