{
    "O3_target": {
        "RMSE": 14.675341628087402,
        "R2": 0.6312619971916076,
        "RIA": 0.7065529634112175,
        "MAE": 9.649543884795321,
        "Bias": 0.7436033365417755
    },
    "NO2_target": {
        "RMSE": 12.46817622277127,
        "R2": 0.5079290026951366,
        "RIA": 0.6408097715228378,
        "MAE": 8.830792835053078,
        "Bias": 0.06186426794174449
    }
}