{
    "O3_target": {
        "RMSE": 20.848171918214963,
        "R2": 0.6899285068677858,
        "RIA": 0.7370041348327668,
        "MAE": 14.484024315508833,
        "Bias": 1.2389535524031128
    },
    "NO2_target": {
        "RMSE": 23.046708569915747,
        "R2": 0.6220743331524139,
        "RIA": 0.6945272533298402,
        "MAE": 16.045266233398273,
        "Bias": -0.37457376236121953
    }
}