{
    "O3_target": {
        "RMSE": 14.181960794548509,
        "R2": 0.8479313149932278,
        "RIA": 0.8136504530573163,
        "MAE": 10.014409668179077,
        "Bias": -0.03201142883273899
    },
    "NO2_target": {
        "RMSE": 11.440635109631724,
        "R2": 0.7560297901706456,
        "RIA": 0.7530612409255776,
        "MAE": 8.218329405745694,
        "Bias": -0.010981592072035059
    }
}