{
    "O3_target": {
        "RMSE": 15.512424413875035,
        "R2": 0.8236728585961487,
        "RIA": 0.8017474464886024,
        "MAE": 10.835273583670082,
        "Bias": -0.019769085403515463
    },
    "NO2_target": {
        "RMSE": 11.953340256726808,
        "R2": 0.7436121546306331,
        "RIA": 0.7596418408870684,
        "MAE": 8.05195563394412,
        "Bias": 0.17942169010157752
    }
}