{
    "O3_target": {
        "RMSE": 12.212172328700959,
        "R2": 0.781597879513268,
        "RIA": 0.784635387828065,
        "MAE": 7.675305872704189,
        "Bias": 0.02048202674185728
    },
    "NO2_target": {
        "RMSE": 9.401141829364295,
        "R2": 0.7418078964912973,
        "RIA": 0.7458738260193892,
        "MAE": 6.5502155551448125,
        "Bias": 0.011724256755678696
    }
}