{
    "O3_target": {
        "RMSE": 12.648348865713771,
        "R2": 0.8294118471529847,
        "RIA": 0.8117807067594709,
        "MAE": 8.342553370493846,
        "Bias": 0.14406441180899238
    },
    "NO2_target": {
        "RMSE": 10.528825814660243,
        "R2": 0.8066387323506116,
        "RIA": 0.7816418879458363,
        "MAE": 7.364598307758271,
        "Bias": 0.34979476502362844
    }
}