{
    "O3_target": {
        "RMSE": 12.003509104944957,
        "R2": 0.8463623528826816,
        "RIA": 0.8245547682995111,
        "MAE": 7.785589498381344,
        "Bias": 0.1398666854547794
    },
    "NO2_target": {
        "RMSE": 10.011780436813382,
        "R2": 0.8251634467204858,
        "RIA": 0.7958564414415019,
        "MAE": 6.903284968212097,
        "Bias": 0.39261734081493327
    }
}