{
    "O3_target": {
        "RMSE": 11.71311715244175,
        "R2": 0.7990833276808471,
        "RIA": 0.7986202744064425,
        "MAE": 7.172746290373729,
        "Bias": 0.06477250726783855
    },
    "NO2_target": {
        "RMSE": 8.926543654014923,
        "R2": 0.7672185265785261,
        "RIA": 0.7627299473690139,
        "MAE": 6.129183062995106,
        "Bias": -0.008830027296248164
    }
}