{
    "O3_target": {
        "RMSE": 15.496060598935845,
        "R2": 0.8527103778932477,
        "RIA": 0.825716963476357,
        "MAE": 10.303082544267774,
        "Bias": 0.11986852877913586
    },
    "NO2_target": {
        "RMSE": 13.97856336050637,
        "R2": 0.8445774386030952,
        "RIA": 0.8147348153030638,
        "MAE": 9.756511210837292,
        "Bias": 0.17654363099328568
    }
}