{
    "O3_target": {
        "RMSE": 12.708637286956842,
        "R2": 0.8349590204710486,
        "RIA": 0.8173467401603631,
        "MAE": 8.524180513179846,
        "Bias": 0.10292432950539605
    },
    "NO2_target": {
        "RMSE": 13.458617612288153,
        "R2": 0.8514096264641238,
        "RIA": 0.8228195968361194,
        "MAE": 9.265287663000201,
        "Bias": -0.16470997658514966
    }
}