{
    "O3_target": {
        "RMSE": 14.712956882016531,
        "R2": 0.8413793465838308,
        "RIA": 0.8145380868347312,
        "MAE": 10.142585857319602,
        "Bias": 0.02308533394866216
    },
    "NO2_target": {
        "RMSE": 11.35388674206154,
        "R2": 0.7686827694994852,
        "RIA": 0.7760012382476325,
        "MAE": 7.524143325698804,
        "Bias": 0.23124446588707556
    }
}