{
    "O3_target": {
        "RMSE": 12.651924525499538,
        "R2": 0.8438889847461075,
        "RIA": 0.8269234085182867,
        "MAE": 7.624792775089988,
        "Bias": 0.12740915961101568
    },
    "NO2_target": {
        "RMSE": 10.928201720002367,
        "R2": 0.8449400287636821,
        "RIA": 0.8184465427523803,
        "MAE": 7.149038693020834,
        "Bias": 0.2892701799831328
    }
}