{
    "O3_target": {
        "RMSE": 13.21069785007493,
        "R2": 0.8680471578825167,
        "RIA": 0.8284603785496949,
        "MAE": 9.234659446379574,
        "Bias": -0.022254257196639822
    },
    "NO2_target": {
        "RMSE": 10.930465575880364,
        "R2": 0.7773032635121906,
        "RIA": 0.7671953191548768,
        "MAE": 7.775730127846367,
        "Bias": 0.08083689637400696
    }
}