{
    "O3_target": {
        "RMSE": 13.30228533381201,
        "R2": 0.8274269870252292,
        "RIA": 0.8146167482713673,
        "MAE": 8.183325812290976,
        "Bias": 0.09553845264663316
    },
    "NO2_target": {
        "RMSE": 11.546386299184812,
        "R2": 0.8269010395058711,
        "RIA": 0.8048991888983392,
        "MAE": 7.671558536735069,
        "Bias": 0.32738042462095
    }
}