{
    "O3_target": {
        "RMSE": 16.54317285196312,
        "R2": 0.8321322958538213,
        "RIA": 0.811181476613489,
        "MAE": 11.158032284074686,
        "Bias": 0.10685472446437208
    },
    "NO2_target": {
        "RMSE": 14.792558702271487,
        "R2": 0.825949375415265,
        "RIA": 0.8006653941178322,
        "MAE": 10.464024824994196,
        "Bias": 0.16053003235974217
    }
}