{
    "O3_target": {
        "RMSE": 13.312003677879064,
        "R2": 0.81891574914595,
        "RIA": 0.8062579453796742,
        "MAE": 9.038723507778432,
        "Bias": 0.1453243420503914
    },
    "NO2_target": {
        "RMSE": 14.239660195549574,
        "R2": 0.8336629412551029,
        "RIA": 0.8097902536204744,
        "MAE": 9.927440262153434,
        "Bias": -0.18691696387437173
    }
}